experiment,input_shape,array_size,repeats,algorithm,time_ms,comparisons,moves,auxiliary_bytes,max_recursion_depth,is_sorted,stable
input_shape,random,2000,3,insertion,0.780,1002746,1004755,4,0,yes,yes
input_shape,random,2000,3,quick,0.111,39273,74872,8,7,yes,no
input_shape,random,2000,3,tree,0.263,23622,2000,79880,0,yes,no
input_shape,sorted,2000,3,insertion,0.009,1999,3998,4,0,yes,yes
input_shape,sorted,2000,3,quick,0.045,30664,60080,8,9,yes,no
input_shape,sorted,2000,3,tree,3.721,1999000,2000,80000,0,yes,no
input_shape,reverse,2000,3,insertion,1.497,1999000,2002998,4,0,yes,yes
input_shape,reverse,2000,3,quick,0.056,30494,59577,8,9,yes,no
input_shape,reverse,2000,3,tree,3.992,1999000,2000,80000,0,yes,no
input_shape,duplicate_heavy,2000,3,insertion,0.699,877747,879748,4,0,yes,yes
input_shape,duplicate_heavy,2000,3,quick,0.015,10250,12758,8,2,yes,no
input_shape,duplicate_heavy,2000,3,tree,0.014,5742,2000,320,0,yes,no
random_size,random,1000,3,insertion,0.197,254001,255010,4,0,yes,yes
random_size,random,1000,3,quick,0.048,17992,33611,8,6,yes,no
random_size,random,1000,3,tree,0.110,10449,1000,39960,0,yes,no
random_size,random,2000,3,insertion,0.778,1002746,1004755,4,0,yes,yes
random_size,random,2000,3,quick,0.115,39273,74872,8,7,yes,no
random_size,random,2000,3,tree,0.235,23622,2000,79880,0,yes,no
random_size,random,4000,3,insertion,3.135,4053536,4057546,4,0,yes,yes
random_size,random,4000,3,quick,0.246,92233,173430,8,8,yes,no
random_size,random,4000,3,tree,0.450,52495,4000,159800,0,yes,no
random_size,random,8000,3,insertion,10.977,15982180,15990191,4,0,yes,yes
random_size,random,8000,3,quick,0.591,195268,358540,8,8,yes,no
random_size,random,8000,3,tree,1.478,115813,8000,318800,0,yes,no
